<?xml version="1.0" encoding="utf-8"?>
<Lockscreen version="1" frameRate="30">
    <Wallpaper/>
	<!-- 锁屏背景 -->
	<Image x="0" y="0" src="bg.png"/>
	
	 <!-- 音乐控制 -->
    <MusicControl x="0" y="0" w="320" h="320" name="music_control" autoShow="true" visibility="false">
		
		<!-- 时间 -->
		<Time x="#screen_width/2" y="70" align="center" alignV="bottom" src="time.png"/>
		<!-- 日期 -->
		<DateTime x="#screen_width/2" y="75" align="center" color="#FFFFFFFF" size="16" format="M月d日 EEEE"/>
	
		<!-- 未读短信 -->
		<Image x="106" y="97" align="center" alignV="bottom" src="icon_sms.png" alpha="#sms_unread_count*255"/>
		<Text x="106+16" y="97" color="#FFFFFFFF" size="14" format=" %d条未读短信" paras="#sms_unread_count" alpha="#sms_unread_count*255"/>
	
		<!-- 未接电话 -->
		<Image x="106" y="115" align="center" alignV="bottom" src="icon_phone.png" alpha="#call_missed_count*255"/>
		<Text x="106+16" y="115" color="#FFFFFFFF" size="14" format=" %d个未接电话" paras="#call_missed_count" alpha="#call_missed_count*255"/>
		
        <!-- 音乐背景 -->
        <Image x="0" y="-19" alignV="bottom" src="music_bg.png"/>
		
        <!-- 唱片 -->
        <Image x="57" y="194" align="center" alignV="center" src="phonorecord.png"/>
		
		<Image x="51" y="144" align="center" src="unlock_top_p.png"  alpha="255-#unlocker.state*255"/>
		
        <!-- 上一首 -->
        <Button name="music_prev" x="22" y="286" w="60" h="60">
            <Normal>
                <Image x="22" y="286" align="center" alignV="center" src="music_pre_n.png" alpha="255-#unlocker.state*255"/>
            </Normal>
            <Pressed>
                <Image x="7" y="188" align="center" src="music_l_p.png"/>
                <Image x="22" y="286" align="center" alignV="center" src="music_pre_n.png"/>
            </Pressed>
        </Button>
        <!-- 下一首 -->
        <Button name="music_next" x="282" y="286" w="60" h="60">
            <Normal>
                <Image x="282" y="286" align="center" alignV="center" src="music_next_n.png" alpha="255-#unlocker.state*255"/>
            </Normal>
            <Pressed>
				<Image x="228" y="188" align="center" src="music_r_p.png"/>
                <Image x="282" y="286" align="center" alignV="center" src="music_next_n.png"/>
            </Pressed>
        </Button>
        <!-- 播放 -->
        <Button name="music_play" x="151" y="414" w="60" h="60">
            <Normal>
                <Image x="154" y="416" align="center" alignV="center" src="music_play_n.png" alpha="255-#unlocker.state*255"/>
            </Normal>
            <Pressed>
                <Image x="51" y="363" align="center" src="music_btm_p.png"/>
                <Image x="154" y="416" align="center" alignV="center" src="music_play_n.png"/>
            </Pressed>
        </Button>
        <!-- 暂停 -->
        <Button name="music_pause" x="151" y="414" w="60" h="60">
            <Normal>
                <Image x="154" y="416" align="center" alignV="center" src="music_pause_n.png" alpha="255-#unlocker.state*255"/>
            </Normal>
            <Pressed>
                <Image x="51" y="363" align="center" src="music_btm_p.png"/>
                <Image x="154" y="416" align="center" alignV="center" src="music_pause_n.png"/>
            </Pressed>
        </Button>
    </MusicControl>

	<Unlocker name="unlocker" bounceInitSpeed="10" bounceAcceleration="1500">
        <StartPoint x="114" y="252" w="91" h="91">
			<NormalState>
				<!-- 时间 -->
				<Time x="#screen_width/2" y="70" align="center" alignV="bottom" src="time.png"/>
				<!-- 日期 -->
				<DateTime x="#screen_width/2" y="75" align="center" color="#FFFFFFFF" size="16" format="M月d日 EEEE"/>
	
				<!-- 未读短信 -->
				<Image x="106" y="97" align="center" alignV="bottom" src="icon_sms.png" alpha="#sms_unread_count*255"/>
				<Text x="106+16" y="97" color="#FFFFFFFF" size="14" format=" %d条未读短信" paras="#sms_unread_count" alpha="#sms_unread_count*255"/>
	
				<!-- 未接电话 -->
				<Image x="106" y="115" align="center" alignV="bottom" src="icon_phone.png" alpha="#call_missed_count*255"/>
				<Text x="106+16" y="115" color="#FFFFFFFF" size="14" format=" %d个未接电话" paras="#call_missed_count" alpha="#call_missed_count*255"/>
				
				<Image x="114" y="252" align="center" alignV="center" src="lock_button_0.png"/>
			</NormalState>
			<PressedState>
				<Image x="114" y="252" align="center" alignV="center" src="lock_button_1.png"/>
			</PressedState>
		</StartPoint>

		<!-- 此EndPoint专门用来显示-->
		<EndPoint x="0" y="0" w="0" h="0">
		   <PressedState>
				<!-- 时间 -->
				<Time x="#screen_width/2" y="70" align="center" alignV="bottom" src="time.png"/>
				<!-- 日期 -->
				<DateTime x="#screen_width/2" y="75" align="center" color="#FFFFFFFF" size="16" format="M月d日 EEEE"/>
	
				<!-- 未读短信 -->
				<Image x="106" y="97" align="center" alignV="bottom" src="icon_sms.png" alpha="#sms_unread_count*255"/>
				<Text x="106+16" y="97" color="#FFFFFFFF" size="14" format=" %d条未读短信" paras="#sms_unread_count" alpha="#sms_unread_count*255"/>
	
				<!-- 未接电话 -->
				<Image x="106" y="115" align="center" alignV="bottom" src="icon_phone.png" alpha="#call_missed_count*255"/>
				<Text x="106+16" y="115" color="#FFFFFFFF" size="14" format=" %d个未接电话" paras="#call_missed_count" alpha="#call_missed_count*255"/>
				
				<Image x="7" y="144" align="center" alignV="center" src="unlock_bg.png">
					<AlphaAnimation>
						<Alpha a="0" time="0"/>
						<Alpha a="63" time="100"/>
						<Alpha a="94" time="300"/>
						<Alpha a="141" time="500"/>
						<Alpha a="211" time="800"/>
						<Alpha a="255" time="1000"/>
						<Alpha a="255" time="1000000000000000"/>
					</AlphaAnimation>
				</Image>
			</PressedState>
        </EndPoint>
		
		<!-- Music -->
		<EndPoint x="20" y="-90" w="197" h="324">
			<Intent action="android.intent.action.MAIN" package="com.lewa.player" class="com.lewa.player.ui.outer.MusicMainEntryActivity"/>
			<ReachedState>
				<Image x="51" y="144" align="center" src="unlock_top_p.png"/>
			</ReachedState>
        </EndPoint>
		
		<!-- Sms -->
		<EndPoint x="150" y="145" w="200" h="217">
           <Intent action="android.intent.action.MAIN" type="vnd.android-dir/mms-sms" category="android.intent.category.DEFAULT"/>
		   <ReachedState>
				<Image x="226" y="188" align="center" src="unlock_r_p.png"/>
			</ReachedState>
        </EndPoint>
		
		<!-- UnLock -->
		<EndPoint x="27" y="271" w="197" h="200">
           <ReachedState>
				<Image x="51" y="363" align="center" src="unlock_btm_p.png"/>
			</ReachedState>
        </EndPoint>
		
		<!-- Phone -->
		<EndPoint x="-180" y="165" w="277" h="197">
            <Intent action="android.intent.action.DIAL"/>
            <ReachedState>
                <Image x="5" y="188" src="unlock_l_p.png"/>
            </ReachedState>
        </EndPoint>
		
	</Unlocker>
	
	<!-- 双击进入音乐控制 -->
	<Button x="114" y="252" w="120" h="120">
		<Triggers>
	      	<Trigger action="double" target="music_control" property="visibility" value="toggle"/>
	    </Triggers>
	</Button>

	<!-- 充电进度, 未触摸时小圈 -->
    <Image x="121" y="257" src="charging_progress_small_l.png" category="Charging" alpha="255-#unlocker.state*255">
        <Mask x="0" y="0" src="charging_progress_small_mask.png" centerX="52" centerY="51" angle="-min(#battery_level,50)/50*180"/>
    </Image>
    <Image x="159" y="257" src="charging_progress_small_r.png" category="Charging" alpha="255-#unlocker.state*255">
        <Mask x="0" y="0" src="charging_progress_small_mask.png" centerX="0" centerY="51" angle="-max(#battery_level-50,0)/50*180"/>
    </Image>
    <!-- 充电进度光  -->
    <Image x="121" y="257" src="charging_progress_light_small_l.png" category="Charging" alpha="255-#unlocker.state*255">
        <Mask x="0" y="0" src="charging_progress_light_small_lmask.png" centerX="60" centerY="60" angle="-min(#battery_level,50)/50*180"/>
    </Image>
    <Image x="159" y="257" src="charging_progress_light_small_r.png" category="Charging" alpha="255-#unlocker.state*255">
        <Mask x="-2" y="0" src="charging_progress_light_small_rmask.png" centerX="5" centerY="60" angle="-max(#battery_level-50,0)/50*180"/>
    </Image>
	
	<!-- 充电状态中 -->
	<Image x="160" y="297" align="center" alignV="center" src="charging_progress_light_small.png" category="Charging" alpha="255-#unlocker.state*255">
         <ScaleAnimation>
              <Scale w="134" h="134" time="0"/>
              <Scale w="134" h="134" time="500"/>
              <Scale w="107" h="107" time="604"/>
              <Scale w="94" h="94" time="708"/>
              <Scale w="80" h="80" time="915"/>
              <Scale w="57" h="57" time="1500"/>
         </ScaleAnimation>
         <AlphaAnimation>
              <Alpha a="0" time="0"/>
              <Alpha a="0" time="500"/>
              <Alpha a="32" time="708"/>
              <Alpha a="64" time="811"/>
              <Alpha a="128" time="915"/>
              <Alpha a="255" time="916"/>
              <Alpha a="255" time="984"/>
              <Alpha a="0" time="1500"/>
         </AlphaAnimation>
    </Image>
	
	<!-- 电量不足时状态 -->
    <Image x="160" y="297" align="center" alignV="center" src="lowbattery.png" category="BatteryLow" alpha="255-#unlocker.state*255">
         <ScaleAnimation>
              <Scale w="57" h="57" time="0"/>
              <Scale w="111" h="111" time="1500"/>
         </ScaleAnimation>
         <AlphaAnimation>
              <Alpha a="0" time="0"/>
              <Alpha a="128" time="715"/>
              <Alpha a="255" time="716"/>
              <Alpha a="255" time="784"/>
              <Alpha a="128" time="785"/>
              <Alpha a="0" time="1500"/>
         </AlphaAnimation>
    </Image>
	<!-- 电量不足时状态 -->
    <Image x="160" y="297" align="center" alignV="center" src="lowbattery.png" category="BatteryLow" alpha="255-#unlocker.state*255">
         <ScaleAnimation>
              <Scale w="84" h="84" time="0"/>
              <Scale w="84" h="84" time="716"/>
              <Scale w="134" h="134" time="1000"/>
              <Scale w="134" h="134" time="1500"/>
         </ScaleAnimation>
         <AlphaAnimation>
              <Alpha a="0" time="0"/>
              <Alpha a="0" time="715"/>
              <Alpha a="64" time="716"/>
              <Alpha a="0" time="1000"/>
              <Alpha a="0" time="1500"/>
         </AlphaAnimation>
    </Image>
	
</Lockscreen>