<?xml version="1.0" encoding="utf-8"?>
<Lockscreen version="1" frameRate="30">
    <Wallpaper/>
	<!-- 锁屏背景 -->
	<Image x="0" y="0" src="bg.png"/>
	
	 <!-- 音乐控制 -->
    <MusicControl x="0" y="0" w="480" h="480" name="music_control" autoShow="true" visibility="false">
        
		<!-- 时间 -->
		<Time x="#screen_width/2" y="140" align="center" alignV="bottom" src="time.png"/>
		<!-- 日期 -->
		<DateTime x="#screen_width/2" y="147" align="center" color="#FFFFFFFF" size="24" format="M月d日 EEEE"/>
	
		<!-- 未读短信 -->
		<Image x="162" y="182" src="icon_sms.png" alpha="#sms_unread_count*255"/>
		<Text x="162+24" y="182" color="#FFFFFFFF" size="20" format=" %d条未读短信" paras="#sms_unread_count" alpha="#sms_unread_count*255"/>
	
		<!-- 未接电话 -->
		<Image x="162" y="210" align="center" alignV="bottom"src="icon_phone.png" alpha="#call_missed_count*255"/>
		<Text x="162+24" y="210" color="#FFFFFFFF" size="20" format=" %d个未接电话" paras="#call_missed_count" alpha="#call_missed_count*255"/>
		
		<!-- 音乐背景 -->
        <Image x="0" y="-90" alignV="bottom" src="music_bg.png"/>
		
        <!-- 唱片 -->
        <Image x="87" y="371" align="center" alignV="center" src="phonorecord.png"/>
		
		<Image x="76" y="296" align="center" src="unlock_top_p.png"  alpha="255-#unlocker.state*255"/>
		
        <!-- 上一首 -->
        <Button name="music_prev" x="30" y="510" w="60" h="60">
            <Normal>
                <Image x="30" y="510" align="center" alignV="center" src="music_pre_n.png" alpha="255-#unlocker.state*255"/>
            </Normal>
            <Pressed>
                <Image x="10" y="360" align="center" src="music_l_p.png"/>
                <Image x="30" y="510" align="center" alignV="center" src="music_pre_n.png"/>
            </Pressed>
        </Button>
        <!-- 下一首 -->
        <Button name="music_next" x="423" y="510" w="60" h="60">
            <Normal>
                <Image x="423" y="510" align="center" alignV="center" src="music_next_n.png" alpha="255-#unlocker.state*255"/>
            </Normal>
            <Pressed>
				<Image x="333" y="360" align="center" src="music_r_p.png"/>
                <Image x="423" y="510" align="center" alignV="center" src="music_next_n.png"/>
            </Pressed>
        </Button>
        <!-- 播放 -->
        <Button name="music_play" x="228" y="708" w="60" h="60">
            <Normal>
                <Image x="228" y="708" align="center" alignV="center" src="music_play_n.png" alpha="255-#unlocker.state*255"/>
            </Normal>
            <Pressed>
                <Image x="76" y="620" align="center" src="music_btm_p.png"/>
                <Image x="228" y="708" align="center" alignV="center" src="music_play_n.png"/>
            </Pressed>
        </Button>
        <!-- 暂停 -->
        <Button name="music_pause" x="228" y="708" w="60" h="60">
            <Normal>
                <Image x="228" y="708" align="center" alignV="center" src="music_pause_n.png" alpha="255-#unlocker.state*255"/>
            </Normal>
            <Pressed>
                <Image x="76" y="620" align="center" src="music_btm_p.png"/>
                <Image x="228" y="708" align="center" alignV="center" src="music_pause_n.png"/>
            </Pressed>
        </Button>
    </MusicControl>

	<Unlocker name="unlocker" bounceInitSpeed="10" bounceAcceleration="1500">
        <StartPoint x="172" y="455" w="136" h="136">
			<NormalState>
				<!-- 时间 -->
				<Time x="#screen_width/2" y="140" align="center" alignV="bottom" src="time.png"/>
				<!-- 日期 -->
				<DateTime x="#screen_width/2" y="147" align="center" color="#FFFFFFFF" size="24" format="M月d日 EEEE"/>
	
				<!-- 未读短信 -->
				<Image x="162" y="182" src="icon_sms.png" alpha="#sms_unread_count*255"/>
				<Text x="162+24" y="182" color="#FFFFFFFF" size="20" format=" %d条未读短信" paras="#sms_unread_count" alpha="#sms_unread_count*255"/>
	
				<!-- 未接电话 -->
				<Image x="162" y="210" align="center" alignV="bottom"src="icon_phone.png" alpha="#call_missed_count*255"/>
				<Text x="162+24" y="210" color="#FFFFFFFF" size="20" format=" %d个未接电话" paras="#call_missed_count" alpha="#call_missed_count*255"/>
				
				<Image x="173" y="457" align="center" alignV="center" src="lock_button_0.png" />
			</NormalState>
			<PressedState>
				<Image x="173" y="457" align="center" alignV="center" src="lock_button_1.png"/>
			</PressedState>
		</StartPoint>

		<!-- 此EndPoint专门用来显示-->
		<EndPoint x="0" y="0" w="0" h="0">
		   <PressedState>
				
				<!-- 时间 -->
				<Time x="#screen_width/2" y="140" align="center" alignV="bottom" src="time.png"/>
				<!-- 日期 -->
				<DateTime x="#screen_width/2" y="147" align="center" color="#FFFFFFFF" size="24" format="M月d日 EEEE"/>
	
				<!-- 未读短信 -->
				<Image x="162" y="182" src="icon_sms.png" alpha="#sms_unread_count*255"/>
				<Text x="162+24" y="182" color="#FFFFFFFF" size="20" format=" %d条未读短信" paras="#sms_unread_count" alpha="#sms_unread_count*255"/>
	
				<!-- 未接电话 -->
				<Image x="162" y="210" align="center" alignV="bottom"src="icon_phone.png" alpha="#call_missed_count*255"/>
				<Text x="162+24" y="210" color="#FFFFFFFF" size="20" format=" %d个未接电话" paras="#call_missed_count" alpha="#call_missed_count*255"/>
		   
				<Image x="10" y="295" align="center" alignV="center" src="unlock_bg.png">
					<AlphaAnimation>
						<Alpha a="0" time="0"/>
						<Alpha a="63" time="100"/>
						<Alpha a="94" time="300"/>
						<Alpha a="141" time="500"/>
						<Alpha a="211" time="800"/>
						<Alpha a="255" time="1000"/>
						<Alpha a="255" time="1000000000000000"/>
					</AlphaAnimation>
				</Image>
			</PressedState>
        </EndPoint>
		
		<!-- Music -->
		<EndPoint x="40" y="-135" w="276" h="550">
			<Intent action="android.intent.action.MAIN" package="com.lewa.player" class="com.lewa.player.ui.outer.MusicMainEntryActivity"/>
			<ReachedState>
				<Image x="76" y="296" align="center" src="unlock_top_p.png"/>
			</ReachedState>
        </EndPoint>
		
		<!-- Sms -->
		<EndPoint x="215" y="217" w="300" h="355">
           <Intent action="android.intent.action.MAIN" type="vnd.android-dir/mms-sms" category="android.intent.category.DEFAULT"/>
		   <ReachedState>
				<Image x="333" y="360" align="center" src="unlock_r_p.png"/>
			</ReachedState>
        </EndPoint>
		
		<!-- UnLock -->
		<EndPoint x="40" y="500" w="316" h="300">
           <ReachedState>
				<Image x="76" y="620" align="center" src="unlock_btm_p.png"/>
			</ReachedState>
        </EndPoint>
		
		<!-- Phone -->
		<EndPoint x="-136" y="247" w="276" h="395">
            <Intent action="android.intent.action.DIAL"/>
            <ReachedState>
                <Image x="10" y="360" align="center" src="unlock_l_p.png"/>
            </ReachedState>
        </EndPoint>
		
	</Unlocker>
	
	<!-- 双击进入音乐控制 -->
	<Button x="172" y="457" w="136" h="136">
		<Triggers>
	      	<Trigger action="double" target="music_control" property="visibility" value="toggle"/>
	    </Triggers>
	</Button>
	
    <!-- 充电进度光  -->
    <Image x="182" y="465" src="charging_progress_light_small_l.png" category="Charging" alpha="255-#unlocker.state*255">
        <Mask x="-3" y="0" src="charging_progress_light_small_lmask.png" centerX="60" centerY="60" angle="-min(#battery_level,50)/50*180"/>
    </Image>
    <Image x="239" y="465" src="charging_progress_light_small_r.png" category="Charging" alpha="255-#unlocker.state*255">
        <Mask x="-5" y="0" src="charging_progress_light_small_rmask.png" centerX="0" centerY="60" angle="-max(#battery_level-50,0)/50*180"/>
    </Image>
	
	<!-- 充电状态中 -->
	<Image x="240" y="525" align="center" alignV="center" src="charging_progress_light_small.png" category="Charging" alpha="255-#unlocker.state*255">
         <ScaleAnimation>
              <Scale w="200" h="200" time="0"/>
              <Scale w="200" h="200" time="500"/>
              <Scale w="160" h="160" time="604"/>
              <Scale w="140" h="140" time="708"/>
              <Scale w="120" h="120" time="915"/>
              <Scale w="85" h="85" time="1500"/>
         </ScaleAnimation>
         <AlphaAnimation>
              <Alpha a="0" time="0"/>
              <Alpha a="0" time="500"/>
              <Alpha a="32" time="708"/>
              <Alpha a="64" time="811"/>
              <Alpha a="128" time="915"/>
              <Alpha a="255" time="916"/>
              <Alpha a="255" time="984"/>
              <Alpha a="0" time="1500"/>
         </AlphaAnimation>
    </Image>
	
	<!-- 电量不足时状态 -->
    <Image x="240" y="523" align="center" alignV="center" src="lowbattery.png" category="BatteryLow" alpha="255-#unlocker.state*255">
         <ScaleAnimation>
              <Scale w="85" h="85" time="0"/>
              <Scale w="165" h="165" time="1500"/>
         </ScaleAnimation>
         <AlphaAnimation>
              <Alpha a="0" time="0"/>
              <Alpha a="128" time="715"/>
              <Alpha a="255" time="716"/>
              <Alpha a="255" time="784"/>
              <Alpha a="128" time="785"/>
              <Alpha a="0" time="1500"/>
         </AlphaAnimation>
    </Image>
	<!-- 电量不足时状态 -->
    <Image x="240" y="523" align="center" alignV="center" src="lowbattery.png" category="BatteryLow" alpha="255-#unlocker.state*255">
         <ScaleAnimation>
              <Scale w="125" h="125" time="0"/>
              <Scale w="125" h="125" time="716"/>
              <Scale w="200" h="200" time="1000"/>
              <Scale w="200" h="200" time="1500"/>
         </ScaleAnimation>
         <AlphaAnimation>
              <Alpha a="0" time="0"/>
              <Alpha a="0" time="715"/>
              <Alpha a="64" time="716"/>
              <Alpha a="0" time="1000"/>
              <Alpha a="0" time="1500"/>
         </AlphaAnimation>
    </Image>
	
</Lockscreen>